{"cameraMode":{"drawMode":0,"name":"Shaded","section":"Shading Mode"},"sceneLighting":true,"audioPlay":false,"sceneViewState":{"m_AlwaysRefresh":false,"showFog":true,"showSkybox":true,"showFlares":true,"showImageEffects":true,"showParticleSystems":true,"showVisualEffectGraphs":true,"m_FxEnabled":true},"in2DMode":false,"pivot":{"x":-47.51959228515625,"y":0.18263858556747437,"z":244.84280395507813},"rotation":{"x":0.019153930246829988,"y":-0.48605355620384219,"z":0.010662993416190148,"w":0.8739154934883118},"size":33.72871780395508,"orthographic":false}