{"cameraMode":{"drawMode":0,"name":"Shaded","section":"Shading Mode"},"sceneLighting":true,"audioPlay":false,"sceneViewState":{"m_AlwaysRefresh":false,"showFog":true,"showSkybox":true,"showFlares":true,"showImageEffects":true,"showParticleSystems":true,"showVisualEffectGraphs":true,"m_FxEnabled":true},"in2DMode":false,"pivot":{"x":0.2676495909690857,"y":12.680510520935059,"z":443.2861633300781},"rotation":{"x":-0.0010614903876557947,"y":0.9979282021522522,"z":0.06504150480031967,"w":0.018849851563572885},"size":2.6672523021698,"orthographic":false}