{"cameraMode":{"drawMode":0,"name":"Shaded","section":"Shading Mode"},"sceneLighting":false,"audioPlay":false,"sceneViewState":{"m_AlwaysRefresh":false,"showFog":true,"showSkybox":false,"showFlares":true,"showImageEffects":true,"showParticleSystems":true,"showVisualEffectGraphs":true,"m_FxEnabled":true},"in2DMode":false,"pivot":{"x":-7.151252746582031,"y":11.041630744934082,"z":-78.79597473144531},"rotation":{"x":0.00030936658731661737,"y":0.019809821620583535,"z":-1.4010907989359112e-7,"w":0.9998149275779724},"size":35.86735916137695,"orthographic":false}