{"cameraMode":{"drawMode":0,"name":"Shaded","section":"Shading Mode"},"sceneLighting":false,"audioPlay":false,"sceneViewState":{"m_AlwaysRefresh":false,"showFog":true,"showSkybox":false,"showFlares":true,"showImageEffects":true,"showParticleSystems":true,"showVisualEffectGraphs":true,"m_FxEnabled":true},"in2DMode":false,"pivot":{"x":-2.5799999237060549,"y":0.3199999928474426,"z":3.380000114440918},"rotation":{"x":0.13525106012821198,"y":0.15925438702106477,"z":-0.021931029856204988,"w":0.9779137372970581},"size":0.8660287261009216,"orthographic":false}