{"cameraMode":{"drawMode":0,"name":"Shaded","section":"Shading Mode"},"sceneLighting":false,"audioPlay":false,"sceneViewState":{"m_AlwaysRefresh":false,"showFog":true,"showSkybox":false,"showFlares":true,"showImageEffects":true,"showParticleSystems":true,"showVisualEffectGraphs":true,"m_FxEnabled":true},"in2DMode":false,"pivot":{"x":-1.5692663192749024,"y":8.966397285461426,"z":43.02765655517578},"rotation":{"x":0.28220048546791079,"y":-0.05466194823384285,"z":0.016023771837353708,"w":0.9578189849853516},"size":8.517057418823243,"orthographic":false}