{"cameraMode":{"drawMode":0,"name":"Shaded","section":"Shading Mode"},"sceneLighting":false,"audioPlay":false,"sceneViewState":{"m_AlwaysRefresh":false,"showFog":true,"showSkybox":false,"showFlares":true,"showImageEffects":true,"showParticleSystems":true,"showVisualEffectGraphs":true,"m_FxEnabled":true},"in2DMode":false,"pivot":{"x":-93.82474517822266,"y":10.157022476196289,"z":96.00402069091797},"rotation":{"x":0.00030936658731661737,"y":0.019809821620583535,"z":-1.4010907989359112e-7,"w":0.9998149275779724},"size":56.14382553100586,"orthographic":false}