{"cameraMode":{"drawMode":0,"name":"Shaded","section":"Shading Mode"},"sceneLighting":false,"audioPlay":false,"sceneViewState":{"m_AlwaysRefresh":false,"showFog":true,"showSkybox":false,"showFlares":true,"showImageEffects":true,"showParticleSystems":true,"showVisualEffectGraphs":true,"m_FxEnabled":true},"in2DMode":false,"pivot":{"x":-109.75395202636719,"y":12.253205299377442,"z":133.81394958496095},"rotation":{"x":0.28220048546791079,"y":-0.05466194823384285,"z":0.016023771837353708,"w":0.9578189849853516},"size":1.5016636848449708,"orthographic":false}